--
-- PostgreSQL database dump
--

-- Dumped from database version 12.9 (Ubuntu 12.9-0ubuntu0.20.04.1)
-- Dumped by pg_dump version 12.9 (Ubuntu 12.9-0ubuntu0.20.04.1)

SET statement_timeout = 0;
SET lock_timeout = 0;
SET idle_in_transaction_session_timeout = 0;
SET client_encoding = 'UTF8';
SET standard_conforming_strings = on;
SELECT pg_catalog.set_config('search_path', '', false);
SET check_function_bodies = false;
SET xmloption = content;
SET client_min_messages = warning;
SET row_security = off;

SET default_tablespace = '';

SET default_table_access_method = heap;

--
-- Name: auth_group; Type: TABLE; Schema: public; Owner: -
--

CREATE TABLE public.auth_group (
    id integer NOT NULL,
    name character varying(150) NOT NULL
);


--
-- Name: auth_group_id_seq; Type: SEQUENCE; Schema: public; Owner: -
--

CREATE SEQUENCE public.auth_group_id_seq
    AS integer
    START WITH 1
    INCREMENT BY 1
    NO MINVALUE
    NO MAXVALUE
    CACHE 1;


--
-- Name: auth_group_id_seq; Type: SEQUENCE OWNED BY; Schema: public; Owner: -
--

ALTER SEQUENCE public.auth_group_id_seq OWNED BY public.auth_group.id;


--
-- Name: auth_group_permissions; Type: TABLE; Schema: public; Owner: -
--

CREATE TABLE public.auth_group_permissions (
    id bigint NOT NULL,
    group_id integer NOT NULL,
    permission_id integer NOT NULL
);


--
-- Name: auth_group_permissions_id_seq; Type: SEQUENCE; Schema: public; Owner: -
--

CREATE SEQUENCE public.auth_group_permissions_id_seq
    START WITH 1
    INCREMENT BY 1
    NO MINVALUE
    NO MAXVALUE
    CACHE 1;


--
-- Name: auth_group_permissions_id_seq; Type: SEQUENCE OWNED BY; Schema: public; Owner: -
--

ALTER SEQUENCE public.auth_group_permissions_id_seq OWNED BY public.auth_group_permissions.id;


--
-- Name: auth_permission; Type: TABLE; Schema: public; Owner: -
--

CREATE TABLE public.auth_permission (
    id integer NOT NULL,
    name character varying(255) NOT NULL,
    content_type_id integer NOT NULL,
    codename character varying(100) NOT NULL
);


--
-- Name: auth_permission_id_seq; Type: SEQUENCE; Schema: public; Owner: -
--

CREATE SEQUENCE public.auth_permission_id_seq
    AS integer
    START WITH 1
    INCREMENT BY 1
    NO MINVALUE
    NO MAXVALUE
    CACHE 1;


--
-- Name: auth_permission_id_seq; Type: SEQUENCE OWNED BY; Schema: public; Owner: -
--

ALTER SEQUENCE public.auth_permission_id_seq OWNED BY public.auth_permission.id;


--
-- Name: auth_user; Type: TABLE; Schema: public; Owner: -
--

CREATE TABLE public.auth_user (
    id integer NOT NULL,
    password character varying(128) NOT NULL,
    last_login timestamp with time zone,
    is_superuser boolean NOT NULL,
    username character varying(150) NOT NULL,
    first_name character varying(150) NOT NULL,
    last_name character varying(150) NOT NULL,
    email character varying(254) NOT NULL,
    is_staff boolean NOT NULL,
    is_active boolean NOT NULL,
    date_joined timestamp with time zone NOT NULL
);


--
-- Name: auth_user_groups; Type: TABLE; Schema: public; Owner: -
--

CREATE TABLE public.auth_user_groups (
    id bigint NOT NULL,
    user_id integer NOT NULL,
    group_id integer NOT NULL
);


--
-- Name: auth_user_groups_id_seq; Type: SEQUENCE; Schema: public; Owner: -
--

CREATE SEQUENCE public.auth_user_groups_id_seq
    START WITH 1
    INCREMENT BY 1
    NO MINVALUE
    NO MAXVALUE
    CACHE 1;


--
-- Name: auth_user_groups_id_seq; Type: SEQUENCE OWNED BY; Schema: public; Owner: -
--

ALTER SEQUENCE public.auth_user_groups_id_seq OWNED BY public.auth_user_groups.id;


--
-- Name: auth_user_id_seq; Type: SEQUENCE; Schema: public; Owner: -
--

CREATE SEQUENCE public.auth_user_id_seq
    AS integer
    START WITH 1
    INCREMENT BY 1
    NO MINVALUE
    NO MAXVALUE
    CACHE 1;


--
-- Name: auth_user_id_seq; Type: SEQUENCE OWNED BY; Schema: public; Owner: -
--

ALTER SEQUENCE public.auth_user_id_seq OWNED BY public.auth_user.id;


--
-- Name: auth_user_user_permissions; Type: TABLE; Schema: public; Owner: -
--

CREATE TABLE public.auth_user_user_permissions (
    id bigint NOT NULL,
    user_id integer NOT NULL,
    permission_id integer NOT NULL
);


--
-- Name: auth_user_user_permissions_id_seq; Type: SEQUENCE; Schema: public; Owner: -
--

CREATE SEQUENCE public.auth_user_user_permissions_id_seq
    START WITH 1
    INCREMENT BY 1
    NO MINVALUE
    NO MAXVALUE
    CACHE 1;


--
-- Name: auth_user_user_permissions_id_seq; Type: SEQUENCE OWNED BY; Schema: public; Owner: -
--

ALTER SEQUENCE public.auth_user_user_permissions_id_seq OWNED BY public.auth_user_user_permissions.id;


--
-- Name: authentication_profile; Type: TABLE; Schema: public; Owner: -
--

CREATE TABLE public.authentication_profile (
    id bigint NOT NULL,
    email_confirmed boolean NOT NULL,
    user_id integer NOT NULL
);


--
-- Name: authentication_profile_id_seq; Type: SEQUENCE; Schema: public; Owner: -
--

CREATE SEQUENCE public.authentication_profile_id_seq
    START WITH 1
    INCREMENT BY 1
    NO MINVALUE
    NO MAXVALUE
    CACHE 1;


--
-- Name: authentication_profile_id_seq; Type: SEQUENCE OWNED BY; Schema: public; Owner: -
--

ALTER SEQUENCE public.authentication_profile_id_seq OWNED BY public.authentication_profile.id;


--
-- Name: catalog_author; Type: TABLE; Schema: public; Owner: -
--

CREATE TABLE public.catalog_author (
    id bigint NOT NULL,
    first_name character varying(100) NOT NULL,
    last_name character varying(100) NOT NULL
);


--
-- Name: catalog_author_id_seq; Type: SEQUENCE; Schema: public; Owner: -
--

CREATE SEQUENCE public.catalog_author_id_seq
    START WITH 1
    INCREMENT BY 1
    NO MINVALUE
    NO MAXVALUE
    CACHE 1;


--
-- Name: catalog_author_id_seq; Type: SEQUENCE OWNED BY; Schema: public; Owner: -
--

ALTER SEQUENCE public.catalog_author_id_seq OWNED BY public.catalog_author.id;


--
-- Name: catalog_book; Type: TABLE; Schema: public; Owner: -
--

CREATE TABLE public.catalog_book (
    id bigint NOT NULL,
    title character varying(100) NOT NULL,
    isbn character varying(13) NOT NULL,
    price numeric(7,2) NOT NULL,
    path_to_cover_image character varying(200) NOT NULL,
    number_copies_stock integer NOT NULL,
    date timestamp with time zone,
    score integer,
    slug character varying(200) NOT NULL
);


--
-- Name: catalog_book_author; Type: TABLE; Schema: public; Owner: -
--

CREATE TABLE public.catalog_book_author (
    id bigint NOT NULL,
    book_id bigint NOT NULL,
    author_id bigint NOT NULL
);


--
-- Name: catalog_book_author_id_seq; Type: SEQUENCE; Schema: public; Owner: -
--

CREATE SEQUENCE public.catalog_book_author_id_seq
    START WITH 1
    INCREMENT BY 1
    NO MINVALUE
    NO MAXVALUE
    CACHE 1;


--
-- Name: catalog_book_author_id_seq; Type: SEQUENCE OWNED BY; Schema: public; Owner: -
--

ALTER SEQUENCE public.catalog_book_author_id_seq OWNED BY public.catalog_book_author.id;


--
-- Name: catalog_book_id_seq; Type: SEQUENCE; Schema: public; Owner: -
--

CREATE SEQUENCE public.catalog_book_id_seq
    START WITH 1
    INCREMENT BY 1
    NO MINVALUE
    NO MAXVALUE
    CACHE 1;


--
-- Name: catalog_book_id_seq; Type: SEQUENCE OWNED BY; Schema: public; Owner: -
--

ALTER SEQUENCE public.catalog_book_id_seq OWNED BY public.catalog_book.id;


--
-- Name: catalog_comment; Type: TABLE; Schema: public; Owner: -
--

CREATE TABLE public.catalog_comment (
    id bigint NOT NULL,
    date timestamp with time zone,
    msg character varying(200) NOT NULL,
    book_id bigint,
    user_id integer NOT NULL
);


--
-- Name: catalog_comment_id_seq; Type: SEQUENCE; Schema: public; Owner: -
--

CREATE SEQUENCE public.catalog_comment_id_seq
    START WITH 1
    INCREMENT BY 1
    NO MINVALUE
    NO MAXVALUE
    CACHE 1;


--
-- Name: catalog_comment_id_seq; Type: SEQUENCE OWNED BY; Schema: public; Owner: -
--

ALTER SEQUENCE public.catalog_comment_id_seq OWNED BY public.catalog_comment.id;


--
-- Name: django_admin_log; Type: TABLE; Schema: public; Owner: -
--

CREATE TABLE public.django_admin_log (
    id integer NOT NULL,
    action_time timestamp with time zone NOT NULL,
    object_id text,
    object_repr character varying(200) NOT NULL,
    action_flag smallint NOT NULL,
    change_message text NOT NULL,
    content_type_id integer,
    user_id integer NOT NULL,
    CONSTRAINT django_admin_log_action_flag_check CHECK ((action_flag >= 0))
);


--
-- Name: django_admin_log_id_seq; Type: SEQUENCE; Schema: public; Owner: -
--

CREATE SEQUENCE public.django_admin_log_id_seq
    AS integer
    START WITH 1
    INCREMENT BY 1
    NO MINVALUE
    NO MAXVALUE
    CACHE 1;


--
-- Name: django_admin_log_id_seq; Type: SEQUENCE OWNED BY; Schema: public; Owner: -
--

ALTER SEQUENCE public.django_admin_log_id_seq OWNED BY public.django_admin_log.id;


--
-- Name: django_content_type; Type: TABLE; Schema: public; Owner: -
--

CREATE TABLE public.django_content_type (
    id integer NOT NULL,
    app_label character varying(100) NOT NULL,
    model character varying(100) NOT NULL
);


--
-- Name: django_content_type_id_seq; Type: SEQUENCE; Schema: public; Owner: -
--

CREATE SEQUENCE public.django_content_type_id_seq
    AS integer
    START WITH 1
    INCREMENT BY 1
    NO MINVALUE
    NO MAXVALUE
    CACHE 1;


--
-- Name: django_content_type_id_seq; Type: SEQUENCE OWNED BY; Schema: public; Owner: -
--

ALTER SEQUENCE public.django_content_type_id_seq OWNED BY public.django_content_type.id;


--
-- Name: django_migrations; Type: TABLE; Schema: public; Owner: -
--

CREATE TABLE public.django_migrations (
    id bigint NOT NULL,
    app character varying(255) NOT NULL,
    name character varying(255) NOT NULL,
    applied timestamp with time zone NOT NULL
);


--
-- Name: django_migrations_id_seq; Type: SEQUENCE; Schema: public; Owner: -
--

CREATE SEQUENCE public.django_migrations_id_seq
    START WITH 1
    INCREMENT BY 1
    NO MINVALUE
    NO MAXVALUE
    CACHE 1;


--
-- Name: django_migrations_id_seq; Type: SEQUENCE OWNED BY; Schema: public; Owner: -
--

ALTER SEQUENCE public.django_migrations_id_seq OWNED BY public.django_migrations.id;


--
-- Name: django_session; Type: TABLE; Schema: public; Owner: -
--

CREATE TABLE public.django_session (
    session_key character varying(40) NOT NULL,
    session_data text NOT NULL,
    expire_date timestamp with time zone NOT NULL
);


--
-- Name: auth_group id; Type: DEFAULT; Schema: public; Owner: -
--

ALTER TABLE ONLY public.auth_group ALTER COLUMN id SET DEFAULT nextval('public.auth_group_id_seq'::regclass);


--
-- Name: auth_group_permissions id; Type: DEFAULT; Schema: public; Owner: -
--

ALTER TABLE ONLY public.auth_group_permissions ALTER COLUMN id SET DEFAULT nextval('public.auth_group_permissions_id_seq'::regclass);


--
-- Name: auth_permission id; Type: DEFAULT; Schema: public; Owner: -
--

ALTER TABLE ONLY public.auth_permission ALTER COLUMN id SET DEFAULT nextval('public.auth_permission_id_seq'::regclass);


--
-- Name: auth_user id; Type: DEFAULT; Schema: public; Owner: -
--

ALTER TABLE ONLY public.auth_user ALTER COLUMN id SET DEFAULT nextval('public.auth_user_id_seq'::regclass);


--
-- Name: auth_user_groups id; Type: DEFAULT; Schema: public; Owner: -
--

ALTER TABLE ONLY public.auth_user_groups ALTER COLUMN id SET DEFAULT nextval('public.auth_user_groups_id_seq'::regclass);


--
-- Name: auth_user_user_permissions id; Type: DEFAULT; Schema: public; Owner: -
--

ALTER TABLE ONLY public.auth_user_user_permissions ALTER COLUMN id SET DEFAULT nextval('public.auth_user_user_permissions_id_seq'::regclass);


--
-- Name: authentication_profile id; Type: DEFAULT; Schema: public; Owner: -
--

ALTER TABLE ONLY public.authentication_profile ALTER COLUMN id SET DEFAULT nextval('public.authentication_profile_id_seq'::regclass);


--
-- Name: catalog_author id; Type: DEFAULT; Schema: public; Owner: -
--

ALTER TABLE ONLY public.catalog_author ALTER COLUMN id SET DEFAULT nextval('public.catalog_author_id_seq'::regclass);


--
-- Name: catalog_book id; Type: DEFAULT; Schema: public; Owner: -
--

ALTER TABLE ONLY public.catalog_book ALTER COLUMN id SET DEFAULT nextval('public.catalog_book_id_seq'::regclass);


--
-- Name: catalog_book_author id; Type: DEFAULT; Schema: public; Owner: -
--

ALTER TABLE ONLY public.catalog_book_author ALTER COLUMN id SET DEFAULT nextval('public.catalog_book_author_id_seq'::regclass);


--
-- Name: catalog_comment id; Type: DEFAULT; Schema: public; Owner: -
--

ALTER TABLE ONLY public.catalog_comment ALTER COLUMN id SET DEFAULT nextval('public.catalog_comment_id_seq'::regclass);


--
-- Name: django_admin_log id; Type: DEFAULT; Schema: public; Owner: -
--

ALTER TABLE ONLY public.django_admin_log ALTER COLUMN id SET DEFAULT nextval('public.django_admin_log_id_seq'::regclass);


--
-- Name: django_content_type id; Type: DEFAULT; Schema: public; Owner: -
--

ALTER TABLE ONLY public.django_content_type ALTER COLUMN id SET DEFAULT nextval('public.django_content_type_id_seq'::regclass);


--
-- Name: django_migrations id; Type: DEFAULT; Schema: public; Owner: -
--

ALTER TABLE ONLY public.django_migrations ALTER COLUMN id SET DEFAULT nextval('public.django_migrations_id_seq'::regclass);


--
-- Data for Name: auth_group; Type: TABLE DATA; Schema: public; Owner: -
--

COPY public.auth_group (id, name) FROM stdin;
\.


--
-- Data for Name: auth_group_permissions; Type: TABLE DATA; Schema: public; Owner: -
--

COPY public.auth_group_permissions (id, group_id, permission_id) FROM stdin;
\.


--
-- Data for Name: auth_permission; Type: TABLE DATA; Schema: public; Owner: -
--

COPY public.auth_permission (id, name, content_type_id, codename) FROM stdin;
1	Can add log entry	1	add_logentry
2	Can change log entry	1	change_logentry
3	Can delete log entry	1	delete_logentry
4	Can view log entry	1	view_logentry
5	Can add permission	2	add_permission
6	Can change permission	2	change_permission
7	Can delete permission	2	delete_permission
8	Can view permission	2	view_permission
9	Can add group	3	add_group
10	Can change group	3	change_group
11	Can delete group	3	delete_group
12	Can view group	3	view_group
13	Can add user	4	add_user
14	Can change user	4	change_user
15	Can delete user	4	delete_user
16	Can view user	4	view_user
17	Can add content type	5	add_contenttype
18	Can change content type	5	change_contenttype
19	Can delete content type	5	delete_contenttype
20	Can view content type	5	view_contenttype
21	Can add session	6	add_session
22	Can change session	6	change_session
23	Can delete session	6	delete_session
24	Can view session	6	view_session
25	Can add author	7	add_author
26	Can change author	7	change_author
27	Can delete author	7	delete_author
28	Can view author	7	view_author
29	Can add book	8	add_book
30	Can change book	8	change_book
31	Can delete book	8	delete_book
32	Can view book	8	view_book
33	Can add comment	9	add_comment
34	Can change comment	9	change_comment
35	Can delete comment	9	delete_comment
36	Can view comment	9	view_comment
37	Can add profile	10	add_profile
38	Can change profile	10	change_profile
39	Can delete profile	10	delete_profile
40	Can view profile	10	view_profile
\.


--
-- Data for Name: auth_user; Type: TABLE DATA; Schema: public; Owner: -
--

COPY public.auth_user (id, password, last_login, is_superuser, username, first_name, last_name, email, is_staff, is_active, date_joined) FROM stdin;
100	g^0oYTOwU$	\N	f	Christopher Henderson				f	t	2021-11-13 17:17:02.939263+01
101	_1VT$TlG^%	\N	f	John Rodriguez				f	t	2021-11-13 17:17:02.94458+01
102	y81_lOQg+B	\N	f	Eric Holmes				f	t	2021-11-13 17:17:02.948768+01
103	^P7Rk&B3d#	\N	f	Megan Hamilton				f	t	2021-11-13 17:17:02.952962+01
104	caVio2u7%4	\N	f	Rachel Sandoval				f	t	2021-11-13 17:17:02.957003+01
105	jv!J2GuElv	\N	f	Jennifer Neal				f	t	2021-11-13 17:17:02.961464+01
106	8xX9A#Je$X	\N	f	Jeremy Brown				f	t	2021-11-13 17:17:02.965797+01
107	L8dVxfAU_5	\N	f	Kelly Flowers				f	t	2021-11-13 17:17:02.969886+01
108	#J2RSKet*7	\N	f	Kelly Rodriguez				f	t	2021-11-13 17:17:02.973748+01
109	IshTSr!W!1	\N	f	Molly Sawyer				f	t	2021-11-13 17:17:02.977948+01
110	Fw759IjT&f	\N	f	Daniel Bender				f	t	2021-11-13 17:17:02.982009+01
111	1OuKqgBV$r	\N	f	Jennifer Green				f	t	2021-11-13 17:17:02.985385+01
112	SF49S#Rg$i	\N	f	Rebekah Osborne				f	t	2021-11-13 17:17:02.989357+01
113	w)@1KLPvM8	\N	f	Kimberly Ramirez				f	t	2021-11-13 17:17:02.993036+01
114	@lH8HcjL4n	\N	f	William Roberts				f	t	2021-11-13 17:17:02.996015+01
115	)kBtmvGX1*	\N	f	Elizabeth Reid				f	t	2021-11-13 17:17:02.999384+01
116	*k6pIxjtN2	\N	f	Alexis Vance				f	t	2021-11-13 17:17:03.002466+01
117	#D9Ev3nxZg	\N	f	Javier Williams				f	t	2021-11-13 17:17:03.005377+01
118	F8en3E1I$p	\N	f	Jonathan King				f	t	2021-11-13 17:17:03.008348+01
119	X!k75Z0dk+	\N	f	Sabrina Allen				f	t	2021-11-13 17:17:03.011443+01
6	pbkdf2_sha256$260000$nzNM0l5pgy802Rauy5CPaK$PpGhcKfyeOwtCbqoY0TV4BsLzMNwLTcio5Xq/GXfYjs=	\N	t	alumnodb			admin@myproject.com	t	t	2021-11-13 17:17:11.122334+01
\.


--
-- Data for Name: auth_user_groups; Type: TABLE DATA; Schema: public; Owner: -
--

COPY public.auth_user_groups (id, user_id, group_id) FROM stdin;
\.


--
-- Data for Name: auth_user_user_permissions; Type: TABLE DATA; Schema: public; Owner: -
--

COPY public.auth_user_user_permissions (id, user_id, permission_id) FROM stdin;
\.


--
-- Data for Name: authentication_profile; Type: TABLE DATA; Schema: public; Owner: -
--

COPY public.authentication_profile (id, email_confirmed, user_id) FROM stdin;
46	f	100
47	f	101
48	f	102
49	f	103
50	f	104
51	f	105
52	f	106
53	f	107
54	f	108
55	f	109
56	f	110
57	f	111
58	f	112
59	f	113
60	f	114
61	f	115
62	f	116
63	f	117
64	f	118
65	f	119
66	f	6
\.


--
-- Data for Name: catalog_author; Type: TABLE DATA; Schema: public; Owner: -
--

COPY public.catalog_author (id, first_name, last_name) FROM stdin;
3	Victoria	Christensen
1	Sarah	Davis
4	Russell	Richardson
0	Drew	Hansen
5	Allen	Reed
2	Jorge	Rowland
\.


--
-- Data for Name: catalog_book; Type: TABLE DATA; Schema: public; Owner: -
--

COPY public.catalog_book (id, title, isbn, price, path_to_cover_image, number_copies_stock, date, score, slug) FROM stdin;
26	Dustin Dean	1000000000026	49.00	26.jpg	7	2021-10-30 00:41:48+02	6	dustin-dean
8	Mary Hill	1000000000008	11.00	8.jpg	11	2021-11-10 13:13:03+01	8	mary-hill
9	Monica Boyd	1000000000009	20.00	9.jpg	16	2021-10-30 07:42:26+02	7	monica-boyd
10	Marissa Stephens	1000000000010	51.00	10.jpg	19	2021-11-10 06:40:21+01	9	marissa-stephens
27	Heather Andersen	1000000000027	85.00	27.jpg	20	2021-11-03 11:46:41+01	3	heather-andersen
11	Heather Roberts	1000000000011	13.00	11.jpg	15	2021-10-26 13:01:36+02	0	heather-roberts
12	Alicia Clarke	1000000000012	36.00	12.jpg	7	2021-10-26 06:22:46+02	8	alicia-clarke
13	Keith Velez	1000000000013	63.00	13.jpg	7	2021-10-15 02:33:47+02	0	keith-velez
28	Ryan Harris	1000000000028	33.00	28.jpg	4	2021-11-02 22:10:13+01	1	ryan-harris
14	Sarah Richardson	1000000000014	31.00	14.jpg	15	2021-11-12 05:05:35+01	8	sarah-richardson
15	David Stevens	1000000000015	91.00	15.jpg	4	2021-10-24 08:23:21+02	9	david-stevens
16	Nathan Edwards	1000000000016	54.00	16.jpg	3	2021-11-03 10:49:03+01	5	nathan-edwards
29	Kevin Valenzuela	1000000000029	14.00	29.jpg	12	2021-10-26 14:18:21+02	3	kevin-valenzuela
17	April Bishop	1000000000017	57.00	17.jpg	7	2021-10-24 23:49:04+02	7	april-bishop
0	Kevin Smith	1000000000000	66.00	0.jpg	9	2021-10-24 09:40:06+02	1	kevin-smith
18	Veronica Jones	1000000000018	87.00	18.jpg	2	2021-10-29 15:29:19+02	3	veronica-jones
1	Gregory Howard	1000000000001	87.00	1.jpg	5	2021-10-24 19:53:03+02	9	gregory-howard
19	Karen Fitzgerald	1000000000019	55.00	19.jpg	1	2021-11-08 17:22:26+01	2	karen-fitzgerald
2	William Hernandez	1000000000002	81.00	2.jpg	7	2021-10-27 13:07:52+02	4	william-hernandez
20	Samuel Lewis	1000000000020	89.00	20.jpg	12	2021-10-16 04:29:02+02	3	samuel-lewis
3	Dr. Amanda Bruce MD	1000000000003	44.00	3.jpg	15	2021-10-31 20:14:49+01	4	dr-amanda-bruce-md
4	William Munoz	1000000000004	15.00	4.jpg	18	2021-11-02 15:44:19+01	6	william-munoz
5	Alicia Fritz	1000000000005	22.00	5.jpg	15	2021-10-22 20:01:42+02	7	alicia-fritz
21	Jane Campbell	1000000000021	42.00	21.jpg	7	2021-10-22 22:08:02+02	9	jane-campbell
6	Stuart Greer	1000000000006	89.00	6.jpg	20	2021-11-09 21:06:21+01	0	stuart-greer
7	Ashley Green	1000000000007	18.00	7.jpg	10	2021-11-03 18:17:03+01	10	ashley-green
22	Sarah Porter	1000000000022	34.00	22.jpg	6	2021-11-08 22:31:56+01	4	sarah-porter
23	Mary Edwards	1000000000023	92.00	23.jpg	9	2021-11-11 19:48:30+01	3	mary-edwards
24	Amber Day	1000000000024	61.00	24.jpg	14	2021-10-15 22:21:16+02	0	amber-day
25	Andrew Barnes	1000000000025	97.00	25.jpg	12	2021-10-24 22:11:31+02	9	andrew-barnes
\.


--
-- Data for Name: catalog_book_author; Type: TABLE DATA; Schema: public; Owner: -
--

COPY public.catalog_book_author (id, book_id, author_id) FROM stdin;
61	0	3
62	1	0
63	2	5
64	3	0
65	4	4
66	5	1
67	6	2
68	7	1
69	8	0
70	9	4
71	10	5
72	11	0
73	12	5
74	13	4
75	14	1
76	15	0
77	16	5
78	17	0
79	18	1
80	19	4
81	20	5
82	21	2
83	22	5
84	23	1
85	24	2
86	25	1
87	26	4
88	27	0
89	28	5
90	29	2
\.


--
-- Data for Name: catalog_comment; Type: TABLE DATA; Schema: public; Owner: -
--

COPY public.catalog_comment (id, date, msg, book_id, user_id) FROM stdin;
301	2021-11-02 04:06:12+01	Raise job wear event study race see. List body anything example.\nAttention behavior million bring here give allow. Possible program pay moment him who big.	15	111
302	2021-10-14 19:50:28+02	Win hope section parent. Particular into voice girl school.\nMinute effect administration himself born. Especially price use hospital of main. Able relate center style.	22	105
303	2021-11-06 13:24:21+01	Pm old I what star particular. Stand various fish group.\nOver design audience because begin. Name fast for. Improve learn space door public.	10	103
304	2021-10-31 15:06:21+01	Kitchen here above. Discover old community arrive. Really authority animal audience long attack. Personal business time house black under phone.	6	119
305	2021-11-05 01:25:58+01	Floor more control article rate. Get would value measure stuff me central. Test blue gas when.\nWeek high real year same. Might good actually floor end.	17	112
306	2021-11-07 18:07:40+01	Town law quickly. Least usually per hear.\nDream mean help will beat then same land. Military pressure worry. Power operation soon support picture total.\nUp current along decide force.	10	102
307	2021-10-17 10:52:08+02	Foreign she rather bar sure until black be. Professor through job never question want past. Responsibility community scientist often treatment place agent.	5	103
308	2021-11-03 21:26:24+01	President voice personal once knowledge name impact.\nTo population above and project serious rule. Get field bar control. Our campaign special do better talk foreign. Against magazine write key.	10	117
309	2021-10-31 22:42:22+01	Resource expert mind mission. Theory teach effort meet million range miss.\nStop man bad evidence world check. A three beautiful young boy dark. Wife serious protect measure across day power positive.	0	106
310	2021-10-25 02:56:02+02	Wide many somebody soldier.\nMrs order last use eight. You travel world Mr.\nSurface actually meet federal day sound. Yes energy design affect affect.	25	118
311	2021-11-05 03:22:16+01	Condition professional nation thing lay.\nYou chair finish character those. Air both sound apply. Question attention experience visit stuff low. Far subject imagine manager what before.	10	112
312	2021-10-24 07:52:25+02	Force whatever trade community. Thus decide newspaper individual and. Sit something name ready question land even. Campaign minute appear analysis customer.	24	110
313	2021-10-15 00:54:08+02	Better thousand special sea pretty clear would. Number almost already notice benefit.\nTotal son size attention life Congress. However human nearly. Good help bad then.	12	100
314	2021-10-17 22:29:29+02	More citizen again office occur impact. Animal already agree. Can news house style easy pressure since.	14	103
315	2021-11-01 00:33:59+01	Ago song without. Explain no relationship pick agent.\nCoach cultural unit so. There feeling garden doctor few.	22	103
316	2021-11-03 12:35:40+01	Or full attorney collection. Character president six affect ball grow character. Enjoy various story blue buy pay.	8	104
317	2021-10-28 13:13:59+02	Whether now care difficult third ten night. Consider next cost individual write military.\nChurch yet keep several research. Natural affect nation. Last knowledge remember talk administration.	10	116
318	2021-10-22 08:05:09+02	So race first open. Middle arm of side design run start.\nRecognize store example human. High fire brother.\nDoctor fight rather call action.	0	119
319	2021-11-02 19:16:29+01	His heart religious project. Argue benefit end eye sometimes evidence. Number air box new.\nStyle recent wait floor sit history. West draw example ago need two.	21	116
320	2021-10-28 15:41:51+02	Election support plan worry central enough write. Always finally father walk red because. Treatment Mrs market over.	1	105
321	2021-10-30 10:26:38+02	Including school bag action understand. Few push foreign song region job recent.\nWatch seat Mr thus among. Anyone act family per real.	23	101
322	2021-10-23 11:04:23+02	Feeling lose interesting open vote everyone. Call medical deal art identify yes couple mission. Third notice realize only.	21	107
323	2021-10-16 02:48:31+02	Animal hotel full just clear specific. Remain trip in for table.\nFear coach reduce pick owner she. Thousand ground up magazine success military several.	28	113
324	2021-11-06 04:21:22+01	Far maintain trip choose time. Media media early campaign money always month. Citizen management detail southern media two. Explain key defense.	4	111
325	2021-11-05 23:37:40+01	Great again sit dinner. Himself tax why cultural. Beautiful same response city senior today.	2	107
326	2021-11-07 05:50:01+01	Dinner window item young role at remain. Surface image mother truth both either area.\nMeeting often might respond. Finally whole interest ok.\nChange result various know wind nice throughout.	22	104
327	2021-11-09 05:03:00+01	Team force short. Yes explain add way if. Behavior yeah focus staff sometimes.\nSecond produce say blue final officer. Kind art five.	18	105
328	2021-10-31 02:29:12+02	Evening tax produce. No including without staff effort walk onto hand. Movie TV evidence nor participant.\nPosition time within always. Bad both agent nearly thought improve interesting dream.	22	118
329	2021-10-16 05:17:08+02	Long leave speech life second material house. Decision senior defense great statement quickly ago. Test head character water administration support.	28	117
330	2021-11-11 05:19:12+01	Star item particular real. Western opportunity cup certain important.\nEven summer along weight. Nation scientist thank impact they source. Seat north hotel evidence history politics play.	3	104
331	2021-10-20 10:24:42+02	Step assume here. Nearly road building threat. Young law traditional son place whom important agreement.\nWoman fund man source. Various once way skin that property watch season.	23	109
332	2021-11-11 14:49:26+01	Central significant away scientist various be decade culture. If type sign resource son.	9	106
333	2021-11-13 14:57:15+01	Fund right lot world dinner tell raise pay. Everyone image very my make. Add whole summer heavy south success city recent.	29	113
334	2021-11-07 11:43:16+01	Decide question season right.\nFire including plan fill movement view throw. Brother protect south dog candidate town claim.\nProduction kid feeling thank it cut evening. Office receive energy.	27	105
335	2021-11-03 02:19:45+01	Should always step wrong. Case buy concern type seek. General religious film finally.	7	104
336	2021-11-04 16:38:29+01	Meeting wonder recent raise environmental nearly I weight. Son low her.\nSome hour peace important one part science rate. Both he maybe finally cell. Painting miss reality trouble very.	15	116
337	2021-11-08 12:29:26+01	Middle include player among others. Evening seek when pretty industry magazine need. Draw thus cell huge some.	8	115
338	2021-10-20 06:28:58+02	Audience energy group oil. Let save buy also.\nAcross too condition happen certain decision great.	20	108
339	2021-10-16 05:03:48+02	Bank data Mrs young. Bring her conference word. Single people area industry. Risk friend religious at style later no product.\nFall focus its. Doctor others step growth green business.	8	112
340	2021-10-28 11:24:50+02	Author woman approach practice popular technology. Success development perhaps left size. Majority effort east on.\nMeasure send more director cause high discover.	2	111
341	2021-11-07 20:53:13+01	Write up meeting maybe. Approach skill certain determine agree approach. Majority sit join consumer add ability.\nBit thus white. By democratic seek eight left.	27	107
342	2021-10-29 22:36:02+02	Day fly reveal drive glass. Likely hot serious.\nAfter near risk have away management. Miss whose campaign heart environment nor. List speak gun.	28	111
343	2021-11-02 19:29:28+01	Decade perform member tough suddenly nice. Experience oil team home. Bed kind current whom.\nNecessary institution room themselves community forget spring doctor. Decision left sport woman east she.	13	119
344	2021-10-31 22:26:33+01	Trade job day student inside nation show article. Lawyer peace local million mission.	11	115
345	2021-10-20 01:58:09+02	Those boy month wide box military. Way article prove speech beyond do else mother.\nParticularly nor quality rather. Speech store test even often service structure such. Citizen they if person.	26	112
346	2021-10-21 15:14:36+02	Time direction down leader nearly strategy toward. Mouth realize set economy sit effect. Win fire finally program design number method.	19	118
347	2021-10-19 02:42:32+02	Eat group walk difficult win particular. Above company save decide weight close firm century.\nSoldier ready manager want per sense. Any discussion second thought interesting.	26	103
348	2021-10-21 13:00:46+02	Nation decide finish for. Win reach moment white down someone president.	8	114
349	2021-10-19 23:10:37+02	Job maybe purpose strategy short. Notice any edge I bring friend ten.\nFuture near help a. Admit build discover machine.\nQuite parent view. Since usually people worker.	23	109
350	2021-11-12 17:21:16+01	Develop for ten democratic cultural radio. Region whatever game how people. Series pressure order to social marriage.\nAlong bed couple hope speech. How pass claim off order reason.	24	115
351	2021-11-08 04:33:31+01	Require raise surface concern recently our. Maybe character others. Unit player cup team speak again.\nCivil suddenly western course still price. Social soldier serve paper front art dog improve.	18	110
352	2021-11-01 13:07:31+01	Two sometimes could hard American. More argue describe simple bag look. Experience property fear management hundred ready shake turn.	5	112
353	2021-10-26 20:40:25+02	Baby policy should responsibility stock already serve talk. Bill both party though young pick view. Focus many treat agree every.\nFamily for source write town. Woman although similar important.	10	111
354	2021-10-26 23:45:23+02	Skill skill hair standard Mr response. Thousand table age employee but news.\nNotice most sign red wide material. Newspaper matter reach gun about bank. Interesting staff piece as.	15	117
355	2021-11-09 11:25:21+01	Lawyer talk technology health wrong far. Which course doctor.\nHappy fight pressure kind knowledge. Strategy bank question us evening approach reality laugh. Rest actually beautiful side stop affect.	8	106
356	2021-10-20 08:17:34+02	Spend leg care candidate certain evidence. Say form truth stop bank process rich. Identify friend go difficult follow. Book Congress carry fact serious state.	6	116
357	2021-11-07 17:47:11+01	Who moment mouth son. Likely article use protect next out.\nSupport yard health reality. Or television debate nation.	16	108
358	2021-10-29 01:20:28+02	Assume book group. White risk certain speak agree order.\nProduce base wonder particularly.	9	105
359	2021-10-19 15:03:32+02	Drop far me. Indicate short five special fact site bank.\nEverybody head office so certainly beat. For Republican phone moment believe in feel three.	27	102
360	2021-10-26 21:14:16+02	Continue nearly now worry news. Democratic daughter middle room teach some product argue. Sea senior simply beautiful. Church onto receive there number well close.	7	102
361	2021-11-09 10:43:28+01	Test two with. Budget culture large capital sound husband hard reduce. Government support whose cover.\nBe east manager public find. Name example president peace.	20	109
362	2021-10-29 10:18:07+02	Maybe check mean matter. Tv try reach type short gun. Top past enter plan century.\nReady itself heavy save hundred toward several southern.	16	104
363	2021-11-12 08:00:19+01	Serve lawyer wonder need direction despite. Cost run pull right. Public including energy administration.\nProvide behind effect relationship must daughter not her.	14	116
364	2021-10-17 03:50:19+02	Speak agent brother evening here party. Area easy note learn front item anyone travel. Painting include address some national future.	10	104
365	2021-10-24 19:46:43+02	These way back government sell miss term. Forward goal minute.	11	111
366	2021-10-22 08:26:50+02	Develop even point audience gun. Support outside remain per single ago can about. Once message college necessary near.\nJust tell machine TV former home. Skin professional industry.	27	119
367	2021-11-08 20:08:38+01	Almost agreement need skin money decision. Dog six design doctor. Raise special health fire air area.	6	109
368	2021-11-06 14:18:59+01	Pull all realize not almost major. Kind social guess. Clearly question media know land course hear.	26	119
369	2021-10-23 17:57:32+02	Important performance you others cost. Own career right how.\nOthers mission sort drop health girl through national. Determine left this thus model prepare process personal.	19	100
370	2021-10-18 09:32:08+02	Surface lawyer evidence time. General word who even early explain out.	21	101
371	2021-10-25 08:46:01+02	By high program individual often while tough.\nMain understand look color anything. Lot heavy single scientist gas keep our.	27	117
372	2021-10-27 22:10:31+02	Crime forward sea response training throughout. Send red animal writer keep life. Ability share student traditional some next sort. These list wall media.	28	104
373	2021-10-28 13:37:13+02	Adult activity through course generation help.\nCurrent social fact second. Of stuff cause kind. Foot specific simply town benefit.	14	101
374	2021-10-15 04:42:21+02	Oil report question expert state may arm. Expert back price. Mouth issue hit guy later sing.\nStock perhaps writer your professor single. And need thousand successful west teach.	20	108
375	2021-10-23 12:11:59+02	Your sister financial. Maintain Republican tonight. Involve force film specific a what peace.\nHuman lose black ask certain. Door build resource care board. General method amount opportunity what cut.	22	100
376	2021-10-29 00:30:40+02	Argue machine own together daughter source everyone probably. Run might onto where phone good face president. Where direction store opportunity wind enter.	10	118
377	2021-10-19 10:43:09+02	Leave political identify wonder part night term. Fire teach budget economy policy. Range color join high. Somebody simply bad tell wonder buy.\nOne involve food range. Deal lose whole kid issue.	5	114
378	2021-10-26 17:52:17+02	Detail do provide. Son security wait. Newspaper hot military cut may just interest.\nActually hit cultural half. Hot fly somebody. Somebody turn line fast like television itself.	4	106
379	2021-11-09 05:32:05+01	Act need sort. Cup machine form own race leave fish seek.\nHer key special admit. Left hard free work. Skill then than center relationship give cause.	17	112
380	2021-10-23 11:57:51+02	Boy probably language. Site clear whose loss development anyone.	22	112
381	2021-10-20 04:22:50+02	Once court measure out yourself. Major think exist country pay.\nDrive yeah officer great window. Tough film floor page center nation answer. Myself fear save name fear wife. Rich condition bit six.	19	118
382	2021-11-05 23:07:02+01	Gun event live heart decide. Bill watch value. Their support such individual you smile.\nBeat three yard letter.	7	109
383	2021-11-07 10:33:35+01	Hotel however wide. Life difficult have be window learn effort. Never police color hit art some activity.	7	100
384	2021-10-28 16:39:43+02	Suggest table national and. Today whether skill police treat during red.\nTelevision audience environmental sense four. Car citizen case help walk. Certainly could activity recent current.	28	109
385	2021-11-06 17:49:08+01	Same sort answer policy prove. Begin bar even participant inside treatment compare gun.\nStory strong cultural. Bill identify interview never. Two society risk old.	7	107
386	2021-10-27 22:54:17+02	Eat admit situation. Condition hit explain huge reason walk help.\nLaw floor indeed. Purpose decide put major son office.	6	104
387	2021-10-25 09:25:32+02	Eight tonight west stuff. Raise stuff her during early. Beat black turn serious think. Interview pass question.	6	100
388	2021-11-04 23:28:44+01	Natural environmental executive father. Sure detail make. Firm cultural fact ahead bring behind require.\nClose street make ten just act. Special time sense provide trouble create.	13	108
389	2021-11-10 11:04:25+01	Charge well sing building. Get investment tonight son reach. Deep commercial truth magazine you.	13	105
390	2021-11-12 13:18:21+01	Alone born third change player professor. Yeah join floor will whole.	23	108
391	2021-10-22 10:55:50+02	Wind authority lead scientist side sister.\nTask which mother all. Majority perhaps yes miss quality. Both quite size follow into.	10	104
392	2021-10-19 02:25:32+02	Baby treat conference young wrong probably month. Ok myself out stop foreign amount. Physical home left travel.\nCamera kid know actually enjoy business. Value kid population. Home everything no girl.	8	119
393	2021-11-13 07:43:38+01	Subject whom road recognize for identify state. Two about until million energy. Rock loss anything miss energy design recognize.	14	105
394	2021-10-21 23:27:51+02	Show campaign ask follow sea probably have agreement. Brother door gun west.\nDown daughter environmental. Author even safe practice. Process simply degree me today but beautiful.	20	116
395	2021-10-22 18:46:28+02	Find traditional should hear cultural investment. Security rate either thank ball color increase light. Recent off exist business even town full.	17	112
396	2021-10-17 23:08:44+02	His building wide agent fire. System left beyond job.\nHotel similar tax carry factor. Mission kind man alone.	29	119
397	2021-11-12 07:09:37+01	Series film expert well whether. Consider every call contain style race. Allow behavior market need his.	9	114
398	2021-10-29 16:53:59+02	Inside establish baby civil move. Ball among night. Design nor despite ten.\nDifficult source next help argue. Of food enter value recently serious quality next.	8	116
399	2021-11-12 11:21:30+01	Some player head technology. Structure dream against ground environmental dream.	11	108
400	2021-11-05 05:56:41+01	Wish well enough human moment. Be minute force fine life bar site.\nPoor all leg town. People it really several.\nStudent bad everybody be defense me good suggest. Bar professor pick edge open college.	14	114
401	2021-11-11 22:23:33+01	Level section beautiful treatment book doctor doctor. Responsibility peace knowledge.\nEducation its decide tend design hour note. Power continue recognize boy.	17	105
402	2021-11-04 20:29:20+01	And public value actually each.\nWithout head laugh also. Statement watch however member blood. Former order college move.	19	115
403	2021-10-15 08:03:34+02	Test short close politics. Generation prevent change bank.\nUnit various huge voice. Heavy design impact drive past.	24	106
404	2021-10-16 05:13:32+02	Down drug either party. Drop middle each sign candidate nearly if. Who than president head close gas might feeling.	0	118
405	2021-11-11 13:27:01+01	Local throughout back career reveal. Make success sense this. Focus consumer keep around.\nWeek until ahead according meeting news. Then take rock challenge. Government professional raise financial.	22	118
406	2021-11-12 17:32:02+01	There section impact travel. Else loss toward peace ahead president. Standard magazine energy.	24	109
407	2021-10-26 08:00:51+02	Still how stock.\nStop station green take risk think make four.\nLike main matter continue. Gas magazine energy face where voice lawyer. We matter impact professor civil each human.	0	100
408	2021-11-01 03:51:34+01	State realize law on tonight leave. His north expect claim box kind friend.\nStart third above far. Budget team notice.	13	106
409	2021-10-23 21:46:57+02	Surface force choose indeed report dog sport. Its away view gas.\nMove unit owner. Floor reality claim kitchen product.\nDecade law order white seat eat. Soon argue study. Him identify it health.	21	107
410	2021-11-10 22:37:10+01	Address player resource produce speak yet table. Sense success society among student relate pressure.\nResult affect along often cultural break. Great cut loss approach try will.	3	108
411	2021-11-13 05:12:04+01	Nearly style remain also often. Wrong feeling amount eye.\nLife paper everybody chance. Start happen window adult finally while bed.	14	105
412	2021-10-19 11:37:26+02	Mrs school feeling degree remember be lay. Positive even why size here table. Glass environment people face institution imagine learn.	17	102
413	2021-11-13 06:02:00+01	Keep light on through. Surface personal herself chance room. Body speak dinner recent later husband.\nStep her out. Ask decide bring film.	21	117
414	2021-10-17 07:05:59+02	Two pick performance film within structure.\nPower director field woman. Past production physical building. Race old say current.	19	102
415	2021-11-04 08:42:45+01	Receive be statement if simply score amount. First girl investment our game. You season what cut.\nTown allow more. Down tough make its.	1	102
416	2021-11-04 18:06:58+01	Would sea get president cultural technology. Page story carry lay among.\nRecord scene provide bed while. Animal popular face treat. Population role election push movie art that.	17	113
417	2021-10-30 13:53:54+02	Often he management because. Sister begin front season.\nInvestment family marriage. Guy reason on company.	0	118
418	2021-11-12 08:10:19+01	Professional cause under art enjoy east. Major its when thousand pull include. Indeed show four join about.	7	105
419	2021-11-10 08:01:43+01	Effect commercial tonight. Training be student race stop five language. Travel learn product subject exist.\nNatural air piece husband property.	8	117
420	2021-10-19 01:34:31+02	Generation statement describe decide let guy discuss. Right rock national.\nThank laugh task likely ask. Organization it air.	7	117
421	2021-10-22 01:11:25+02	Surface hospital region here. Painting always spend no six.\nPlay condition example their. Miss knowledge resource cut movement. News gun responsibility rest everybody pass front.	21	115
422	2021-10-22 10:12:54+02	World PM natural store reason miss team. Use instead head off.\nSomebody compare walk strategy occur. Fact at by force would me.	15	103
423	2021-10-21 13:14:49+02	Wind because cell strategy reflect. Memory trouble education past break couple money. Language stuff off lose three short seem. Past song year better.	24	101
424	2021-10-31 18:35:52+01	By perhaps while usually. Ready suggest along himself fund do thus.\nUnder price room strong professional remain television. Degree thank require range.	16	105
425	2021-11-09 00:42:06+01	Begin better fire stage similar. Produce to nor her economic. Remain air sister street training.	10	109
426	2021-11-02 21:54:18+01	Build time large behavior baby. Leader stop radio decision example before send. Morning son move. Bring industry range member support region.	28	116
427	2021-10-29 06:15:46+02	Risk spring necessary foot player. Upon account idea take officer. My look wide build camera wife thought.	1	100
428	2021-10-31 09:53:01+01	Book staff financial would fish name. Method picture create writer still friend.\nRelationship special commercial myself kitchen. Sing seat building medical exactly sell near.	4	118
429	2021-10-31 16:42:29+01	Special take soldier once base magazine. The near event face base event.\nAvoid people moment quality. Mention information door. Above method drop child site.	21	108
430	2021-10-29 01:18:13+02	Tonight student too my enough environment. Run follow customer both end.\nPopulation laugh just truth PM kid prepare. Spring white those place ago break through alone. Than for person play hard.	10	102
431	2021-11-11 21:20:33+01	Per book hit staff. Name cold important because sell move choice. Section early heavy site answer drive.	22	119
432	2021-11-08 11:52:22+01	Main why specific left hundred big. Few with manager represent pass man. Always realize everything scene data ball. Ability serious range focus every nearly memory raise.	14	106
433	2021-11-04 05:05:43+01	Hard each week pull way discussion. Garden tree most pressure trip federal.\nFine measure begin others. Wrong natural size ready Congress star.	29	108
434	2021-11-12 00:51:40+01	Six clearly produce determine industry. A source entire and bar hold space question.\nAmong wish staff long guess page guy. Floor result on have half.	5	119
435	2021-11-05 02:13:41+01	Happen black threat half. Technology would head sense natural financial natural point.	26	119
436	2021-10-30 14:24:33+02	College support nature nothing site amount friend. Amount total wall appear beat history amount. Financial yeah worker employee. Someone discuss professional Congress.	3	114
437	2021-10-18 10:48:11+02	Thank at teacher wide. Person audience relate. Drug while education improve most act.\nOver per ahead without season outside. Street civil reach road model develop magazine record.	13	113
438	2021-10-15 17:04:45+02	Into day whose us analysis. Act body cost.\nNothing station simple admit relationship seek image.\nBad out anything little. Business local threat light usually machine heart attorney.	29	108
439	2021-10-28 02:48:50+02	Laugh moment prevent still if develop class. System share water simple. Life happen partner that.\nYear after position run thus such program. Tonight relationship answer no sea street.	26	117
440	2021-10-19 20:51:37+02	Population factor still sister different able. According court kind staff.\nWife lose actually word pattern lose. Especially figure before. Control apply including off serious spring different.	23	119
441	2021-11-07 03:23:22+01	Message of quite mother again woman within. Little city save. Now her happen do.\nHave majority while red your toward. Work order pick nor certainly. Need take theory write knowledge know special.	23	115
442	2021-10-24 22:26:19+02	Level live debate. Assume fall blood already money. Nothing go value art attorney technology in stuff.\nLaugh reach bad prove. Want interview model although lot near.	14	117
443	2021-11-01 14:04:29+01	Picture answer attention audience. Treatment wide point bed stage.\nWin player article ground. Likely expect impact I analysis that should.\nHundred campaign page since suggest forward. Much far know.	6	115
444	2021-10-20 16:43:15+02	Off prepare put customer left. Box agreement perform expect. Tend according adult they seven whose.\nExpert dog during place article. Scene before within husband bank year.	27	100
445	2021-10-21 00:44:44+02	Evening campaign political. Point allow either people Mr guy best.\nAcross simply resource the. Great house actually pick nor.	25	106
446	2021-11-02 02:36:54+01	Study woman east around out next west. Guy side for add well everyone Congress.\nMoment particularly reduce fine. Group party effect effect anyone career.	1	106
447	2021-10-15 20:54:02+02	Carry get window sport laugh. Wide reason thousand thousand audience.\nTraditional current energy.\nActivity side may new talk move. Bit officer itself success sort specific.	27	104
448	2021-10-17 17:37:25+02	Buy window style everyone authority despite. Open catch college professional Mr she. Simple how task several.	15	115
449	2021-10-30 23:39:36+02	On side hand. Magazine group enjoy suggest. Include claim behind hair.	16	119
450	2021-11-12 13:47:03+01	Produce note citizen peace manage.\nCost sense community us class miss. Approach administration door crime better.	25	104
\.


--
-- Data for Name: django_admin_log; Type: TABLE DATA; Schema: public; Owner: -
--

COPY public.django_admin_log (id, action_time, object_id, object_repr, action_flag, change_message, content_type_id, user_id) FROM stdin;
\.


--
-- Data for Name: django_content_type; Type: TABLE DATA; Schema: public; Owner: -
--

COPY public.django_content_type (id, app_label, model) FROM stdin;
1	admin	logentry
2	auth	permission
3	auth	group
4	auth	user
5	contenttypes	contenttype
6	sessions	session
7	catalog	author
8	catalog	book
9	catalog	comment
10	authentication	profile
\.


--
-- Data for Name: django_migrations; Type: TABLE DATA; Schema: public; Owner: -
--

COPY public.django_migrations (id, app, name, applied) FROM stdin;
1	contenttypes	0001_initial	2021-11-08 13:10:40.561475+01
2	auth	0001_initial	2021-11-08 13:10:40.619848+01
3	admin	0001_initial	2021-11-08 13:10:40.640727+01
4	admin	0002_logentry_remove_auto_add	2021-11-08 13:10:40.64701+01
5	admin	0003_logentry_add_action_flag_choices	2021-11-08 13:10:40.652252+01
6	contenttypes	0002_remove_content_type_name	2021-11-08 13:10:40.665454+01
7	auth	0002_alter_permission_name_max_length	2021-11-08 13:10:40.67528+01
8	auth	0003_alter_user_email_max_length	2021-11-08 13:10:40.682276+01
9	auth	0004_alter_user_username_opts	2021-11-08 13:10:40.688005+01
10	auth	0005_alter_user_last_login_null	2021-11-08 13:10:40.694876+01
11	auth	0006_require_contenttypes_0002	2021-11-08 13:10:40.697573+01
12	auth	0007_alter_validators_add_error_messages	2021-11-08 13:10:40.705889+01
13	auth	0008_alter_user_username_max_length	2021-11-08 13:10:40.714938+01
14	auth	0009_alter_user_last_name_max_length	2021-11-08 13:10:40.720839+01
15	auth	0010_alter_group_name_max_length	2021-11-08 13:10:40.729339+01
16	auth	0011_update_proxy_permissions	2021-11-08 13:10:40.735535+01
17	auth	0012_alter_user_first_name_max_length	2021-11-08 13:10:40.741267+01
18	authentication	0001_initial	2021-11-08 13:10:40.757868+01
19	catalog	0001_initial	2021-11-08 13:10:40.802524+01
20	sessions	0001_initial	2021-11-08 13:10:40.813351+01
\.


--
-- Data for Name: django_session; Type: TABLE DATA; Schema: public; Owner: -
--

COPY public.django_session (session_key, session_data, expire_date) FROM stdin;
\.


--
-- Name: auth_group_id_seq; Type: SEQUENCE SET; Schema: public; Owner: -
--

SELECT pg_catalog.setval('public.auth_group_id_seq', 1, false);


--
-- Name: auth_group_permissions_id_seq; Type: SEQUENCE SET; Schema: public; Owner: -
--

SELECT pg_catalog.setval('public.auth_group_permissions_id_seq', 1, false);


--
-- Name: auth_permission_id_seq; Type: SEQUENCE SET; Schema: public; Owner: -
--

SELECT pg_catalog.setval('public.auth_permission_id_seq', 40, true);


--
-- Name: auth_user_groups_id_seq; Type: SEQUENCE SET; Schema: public; Owner: -
--

SELECT pg_catalog.setval('public.auth_user_groups_id_seq', 1, false);


--
-- Name: auth_user_id_seq; Type: SEQUENCE SET; Schema: public; Owner: -
--

SELECT pg_catalog.setval('public.auth_user_id_seq', 6, true);


--
-- Name: auth_user_user_permissions_id_seq; Type: SEQUENCE SET; Schema: public; Owner: -
--

SELECT pg_catalog.setval('public.auth_user_user_permissions_id_seq', 1, false);


--
-- Name: authentication_profile_id_seq; Type: SEQUENCE SET; Schema: public; Owner: -
--

SELECT pg_catalog.setval('public.authentication_profile_id_seq', 66, true);


--
-- Name: catalog_author_id_seq; Type: SEQUENCE SET; Schema: public; Owner: -
--

SELECT pg_catalog.setval('public.catalog_author_id_seq', 1, false);


--
-- Name: catalog_book_author_id_seq; Type: SEQUENCE SET; Schema: public; Owner: -
--

SELECT pg_catalog.setval('public.catalog_book_author_id_seq', 90, true);


--
-- Name: catalog_book_id_seq; Type: SEQUENCE SET; Schema: public; Owner: -
--

SELECT pg_catalog.setval('public.catalog_book_id_seq', 1, false);


--
-- Name: catalog_comment_id_seq; Type: SEQUENCE SET; Schema: public; Owner: -
--

SELECT pg_catalog.setval('public.catalog_comment_id_seq', 450, true);


--
-- Name: django_admin_log_id_seq; Type: SEQUENCE SET; Schema: public; Owner: -
--

SELECT pg_catalog.setval('public.django_admin_log_id_seq', 2, true);


--
-- Name: django_content_type_id_seq; Type: SEQUENCE SET; Schema: public; Owner: -
--

SELECT pg_catalog.setval('public.django_content_type_id_seq', 10, true);


--
-- Name: django_migrations_id_seq; Type: SEQUENCE SET; Schema: public; Owner: -
--

SELECT pg_catalog.setval('public.django_migrations_id_seq', 20, true);


--
-- Name: auth_group auth_group_name_key; Type: CONSTRAINT; Schema: public; Owner: -
--

ALTER TABLE ONLY public.auth_group
    ADD CONSTRAINT auth_group_name_key UNIQUE (name);


--
-- Name: auth_group_permissions auth_group_permissions_group_id_permission_id_0cd325b0_uniq; Type: CONSTRAINT; Schema: public; Owner: -
--

ALTER TABLE ONLY public.auth_group_permissions
    ADD CONSTRAINT auth_group_permissions_group_id_permission_id_0cd325b0_uniq UNIQUE (group_id, permission_id);


--
-- Name: auth_group_permissions auth_group_permissions_pkey; Type: CONSTRAINT; Schema: public; Owner: -
--

ALTER TABLE ONLY public.auth_group_permissions
    ADD CONSTRAINT auth_group_permissions_pkey PRIMARY KEY (id);


--
-- Name: auth_group auth_group_pkey; Type: CONSTRAINT; Schema: public; Owner: -
--

ALTER TABLE ONLY public.auth_group
    ADD CONSTRAINT auth_group_pkey PRIMARY KEY (id);


--
-- Name: auth_permission auth_permission_content_type_id_codename_01ab375a_uniq; Type: CONSTRAINT; Schema: public; Owner: -
--

ALTER TABLE ONLY public.auth_permission
    ADD CONSTRAINT auth_permission_content_type_id_codename_01ab375a_uniq UNIQUE (content_type_id, codename);


--
-- Name: auth_permission auth_permission_pkey; Type: CONSTRAINT; Schema: public; Owner: -
--

ALTER TABLE ONLY public.auth_permission
    ADD CONSTRAINT auth_permission_pkey PRIMARY KEY (id);


--
-- Name: auth_user_groups auth_user_groups_pkey; Type: CONSTRAINT; Schema: public; Owner: -
--

ALTER TABLE ONLY public.auth_user_groups
    ADD CONSTRAINT auth_user_groups_pkey PRIMARY KEY (id);


--
-- Name: auth_user_groups auth_user_groups_user_id_group_id_94350c0c_uniq; Type: CONSTRAINT; Schema: public; Owner: -
--

ALTER TABLE ONLY public.auth_user_groups
    ADD CONSTRAINT auth_user_groups_user_id_group_id_94350c0c_uniq UNIQUE (user_id, group_id);


--
-- Name: auth_user auth_user_pkey; Type: CONSTRAINT; Schema: public; Owner: -
--

ALTER TABLE ONLY public.auth_user
    ADD CONSTRAINT auth_user_pkey PRIMARY KEY (id);


--
-- Name: auth_user_user_permissions auth_user_user_permissions_pkey; Type: CONSTRAINT; Schema: public; Owner: -
--

ALTER TABLE ONLY public.auth_user_user_permissions
    ADD CONSTRAINT auth_user_user_permissions_pkey PRIMARY KEY (id);


--
-- Name: auth_user_user_permissions auth_user_user_permissions_user_id_permission_id_14a6b632_uniq; Type: CONSTRAINT; Schema: public; Owner: -
--

ALTER TABLE ONLY public.auth_user_user_permissions
    ADD CONSTRAINT auth_user_user_permissions_user_id_permission_id_14a6b632_uniq UNIQUE (user_id, permission_id);


--
-- Name: auth_user auth_user_username_key; Type: CONSTRAINT; Schema: public; Owner: -
--

ALTER TABLE ONLY public.auth_user
    ADD CONSTRAINT auth_user_username_key UNIQUE (username);


--
-- Name: authentication_profile authentication_profile_pkey; Type: CONSTRAINT; Schema: public; Owner: -
--

ALTER TABLE ONLY public.authentication_profile
    ADD CONSTRAINT authentication_profile_pkey PRIMARY KEY (id);


--
-- Name: authentication_profile authentication_profile_user_id_key; Type: CONSTRAINT; Schema: public; Owner: -
--

ALTER TABLE ONLY public.authentication_profile
    ADD CONSTRAINT authentication_profile_user_id_key UNIQUE (user_id);


--
-- Name: catalog_author catalog_author_pkey; Type: CONSTRAINT; Schema: public; Owner: -
--

ALTER TABLE ONLY public.catalog_author
    ADD CONSTRAINT catalog_author_pkey PRIMARY KEY (id);


--
-- Name: catalog_book_author catalog_book_author_book_id_author_id_6fa31ecf_uniq; Type: CONSTRAINT; Schema: public; Owner: -
--

ALTER TABLE ONLY public.catalog_book_author
    ADD CONSTRAINT catalog_book_author_book_id_author_id_6fa31ecf_uniq UNIQUE (book_id, author_id);


--
-- Name: catalog_book_author catalog_book_author_pkey; Type: CONSTRAINT; Schema: public; Owner: -
--

ALTER TABLE ONLY public.catalog_book_author
    ADD CONSTRAINT catalog_book_author_pkey PRIMARY KEY (id);


--
-- Name: catalog_book catalog_book_isbn_key; Type: CONSTRAINT; Schema: public; Owner: -
--

ALTER TABLE ONLY public.catalog_book
    ADD CONSTRAINT catalog_book_isbn_key UNIQUE (isbn);


--
-- Name: catalog_book catalog_book_pkey; Type: CONSTRAINT; Schema: public; Owner: -
--

ALTER TABLE ONLY public.catalog_book
    ADD CONSTRAINT catalog_book_pkey PRIMARY KEY (id);


--
-- Name: catalog_book catalog_book_slug_key; Type: CONSTRAINT; Schema: public; Owner: -
--

ALTER TABLE ONLY public.catalog_book
    ADD CONSTRAINT catalog_book_slug_key UNIQUE (slug);


--
-- Name: catalog_comment catalog_comment_pkey; Type: CONSTRAINT; Schema: public; Owner: -
--

ALTER TABLE ONLY public.catalog_comment
    ADD CONSTRAINT catalog_comment_pkey PRIMARY KEY (id);


--
-- Name: django_admin_log django_admin_log_pkey; Type: CONSTRAINT; Schema: public; Owner: -
--

ALTER TABLE ONLY public.django_admin_log
    ADD CONSTRAINT django_admin_log_pkey PRIMARY KEY (id);


--
-- Name: django_content_type django_content_type_app_label_model_76bd3d3b_uniq; Type: CONSTRAINT; Schema: public; Owner: -
--

ALTER TABLE ONLY public.django_content_type
    ADD CONSTRAINT django_content_type_app_label_model_76bd3d3b_uniq UNIQUE (app_label, model);


--
-- Name: django_content_type django_content_type_pkey; Type: CONSTRAINT; Schema: public; Owner: -
--

ALTER TABLE ONLY public.django_content_type
    ADD CONSTRAINT django_content_type_pkey PRIMARY KEY (id);


--
-- Name: django_migrations django_migrations_pkey; Type: CONSTRAINT; Schema: public; Owner: -
--

ALTER TABLE ONLY public.django_migrations
    ADD CONSTRAINT django_migrations_pkey PRIMARY KEY (id);


--
-- Name: django_session django_session_pkey; Type: CONSTRAINT; Schema: public; Owner: -
--

ALTER TABLE ONLY public.django_session
    ADD CONSTRAINT django_session_pkey PRIMARY KEY (session_key);


--
-- Name: auth_group_name_a6ea08ec_like; Type: INDEX; Schema: public; Owner: -
--

CREATE INDEX auth_group_name_a6ea08ec_like ON public.auth_group USING btree (name varchar_pattern_ops);


--
-- Name: auth_group_permissions_group_id_b120cbf9; Type: INDEX; Schema: public; Owner: -
--

CREATE INDEX auth_group_permissions_group_id_b120cbf9 ON public.auth_group_permissions USING btree (group_id);


--
-- Name: auth_group_permissions_permission_id_84c5c92e; Type: INDEX; Schema: public; Owner: -
--

CREATE INDEX auth_group_permissions_permission_id_84c5c92e ON public.auth_group_permissions USING btree (permission_id);


--
-- Name: auth_permission_content_type_id_2f476e4b; Type: INDEX; Schema: public; Owner: -
--

CREATE INDEX auth_permission_content_type_id_2f476e4b ON public.auth_permission USING btree (content_type_id);


--
-- Name: auth_user_groups_group_id_97559544; Type: INDEX; Schema: public; Owner: -
--

CREATE INDEX auth_user_groups_group_id_97559544 ON public.auth_user_groups USING btree (group_id);


--
-- Name: auth_user_groups_user_id_6a12ed8b; Type: INDEX; Schema: public; Owner: -
--

CREATE INDEX auth_user_groups_user_id_6a12ed8b ON public.auth_user_groups USING btree (user_id);


--
-- Name: auth_user_user_permissions_permission_id_1fbb5f2c; Type: INDEX; Schema: public; Owner: -
--

CREATE INDEX auth_user_user_permissions_permission_id_1fbb5f2c ON public.auth_user_user_permissions USING btree (permission_id);


--
-- Name: auth_user_user_permissions_user_id_a95ead1b; Type: INDEX; Schema: public; Owner: -
--

CREATE INDEX auth_user_user_permissions_user_id_a95ead1b ON public.auth_user_user_permissions USING btree (user_id);


--
-- Name: auth_user_username_6821ab7c_like; Type: INDEX; Schema: public; Owner: -
--

CREATE INDEX auth_user_username_6821ab7c_like ON public.auth_user USING btree (username varchar_pattern_ops);


--
-- Name: catalog_book_author_author_id_7cb75b74; Type: INDEX; Schema: public; Owner: -
--

CREATE INDEX catalog_book_author_author_id_7cb75b74 ON public.catalog_book_author USING btree (author_id);


--
-- Name: catalog_book_author_book_id_c16d17b8; Type: INDEX; Schema: public; Owner: -
--

CREATE INDEX catalog_book_author_book_id_c16d17b8 ON public.catalog_book_author USING btree (book_id);


--
-- Name: catalog_book_isbn_30805834_like; Type: INDEX; Schema: public; Owner: -
--

CREATE INDEX catalog_book_isbn_30805834_like ON public.catalog_book USING btree (isbn varchar_pattern_ops);


--
-- Name: catalog_book_slug_4eebf644_like; Type: INDEX; Schema: public; Owner: -
--

CREATE INDEX catalog_book_slug_4eebf644_like ON public.catalog_book USING btree (slug varchar_pattern_ops);


--
-- Name: catalog_comment_book_id_d8d57b4b; Type: INDEX; Schema: public; Owner: -
--

CREATE INDEX catalog_comment_book_id_d8d57b4b ON public.catalog_comment USING btree (book_id);


--
-- Name: catalog_comment_user_id_30926d6e; Type: INDEX; Schema: public; Owner: -
--

CREATE INDEX catalog_comment_user_id_30926d6e ON public.catalog_comment USING btree (user_id);


--
-- Name: django_admin_log_content_type_id_c4bce8eb; Type: INDEX; Schema: public; Owner: -
--

CREATE INDEX django_admin_log_content_type_id_c4bce8eb ON public.django_admin_log USING btree (content_type_id);


--
-- Name: django_admin_log_user_id_c564eba6; Type: INDEX; Schema: public; Owner: -
--

CREATE INDEX django_admin_log_user_id_c564eba6 ON public.django_admin_log USING btree (user_id);


--
-- Name: django_session_expire_date_a5c62663; Type: INDEX; Schema: public; Owner: -
--

CREATE INDEX django_session_expire_date_a5c62663 ON public.django_session USING btree (expire_date);


--
-- Name: django_session_session_key_c0390e0f_like; Type: INDEX; Schema: public; Owner: -
--

CREATE INDEX django_session_session_key_c0390e0f_like ON public.django_session USING btree (session_key varchar_pattern_ops);


--
-- Name: auth_group_permissions auth_group_permissio_permission_id_84c5c92e_fk_auth_perm; Type: FK CONSTRAINT; Schema: public; Owner: -
--

ALTER TABLE ONLY public.auth_group_permissions
    ADD CONSTRAINT auth_group_permissio_permission_id_84c5c92e_fk_auth_perm FOREIGN KEY (permission_id) REFERENCES public.auth_permission(id) DEFERRABLE INITIALLY DEFERRED;


--
-- Name: auth_group_permissions auth_group_permissions_group_id_b120cbf9_fk_auth_group_id; Type: FK CONSTRAINT; Schema: public; Owner: -
--

ALTER TABLE ONLY public.auth_group_permissions
    ADD CONSTRAINT auth_group_permissions_group_id_b120cbf9_fk_auth_group_id FOREIGN KEY (group_id) REFERENCES public.auth_group(id) DEFERRABLE INITIALLY DEFERRED;


--
-- Name: auth_permission auth_permission_content_type_id_2f476e4b_fk_django_co; Type: FK CONSTRAINT; Schema: public; Owner: -
--

ALTER TABLE ONLY public.auth_permission
    ADD CONSTRAINT auth_permission_content_type_id_2f476e4b_fk_django_co FOREIGN KEY (content_type_id) REFERENCES public.django_content_type(id) DEFERRABLE INITIALLY DEFERRED;


--
-- Name: auth_user_groups auth_user_groups_group_id_97559544_fk_auth_group_id; Type: FK CONSTRAINT; Schema: public; Owner: -
--

ALTER TABLE ONLY public.auth_user_groups
    ADD CONSTRAINT auth_user_groups_group_id_97559544_fk_auth_group_id FOREIGN KEY (group_id) REFERENCES public.auth_group(id) DEFERRABLE INITIALLY DEFERRED;


--
-- Name: auth_user_groups auth_user_groups_user_id_6a12ed8b_fk_auth_user_id; Type: FK CONSTRAINT; Schema: public; Owner: -
--

ALTER TABLE ONLY public.auth_user_groups
    ADD CONSTRAINT auth_user_groups_user_id_6a12ed8b_fk_auth_user_id FOREIGN KEY (user_id) REFERENCES public.auth_user(id) DEFERRABLE INITIALLY DEFERRED;


--
-- Name: auth_user_user_permissions auth_user_user_permi_permission_id_1fbb5f2c_fk_auth_perm; Type: FK CONSTRAINT; Schema: public; Owner: -
--

ALTER TABLE ONLY public.auth_user_user_permissions
    ADD CONSTRAINT auth_user_user_permi_permission_id_1fbb5f2c_fk_auth_perm FOREIGN KEY (permission_id) REFERENCES public.auth_permission(id) DEFERRABLE INITIALLY DEFERRED;


--
-- Name: auth_user_user_permissions auth_user_user_permissions_user_id_a95ead1b_fk_auth_user_id; Type: FK CONSTRAINT; Schema: public; Owner: -
--

ALTER TABLE ONLY public.auth_user_user_permissions
    ADD CONSTRAINT auth_user_user_permissions_user_id_a95ead1b_fk_auth_user_id FOREIGN KEY (user_id) REFERENCES public.auth_user(id) DEFERRABLE INITIALLY DEFERRED;


--
-- Name: authentication_profile authentication_profile_user_id_d23cdeb4_fk_auth_user_id; Type: FK CONSTRAINT; Schema: public; Owner: -
--

ALTER TABLE ONLY public.authentication_profile
    ADD CONSTRAINT authentication_profile_user_id_d23cdeb4_fk_auth_user_id FOREIGN KEY (user_id) REFERENCES public.auth_user(id) DEFERRABLE INITIALLY DEFERRED;


--
-- Name: catalog_book_author catalog_book_author_author_id_7cb75b74_fk_catalog_author_id; Type: FK CONSTRAINT; Schema: public; Owner: -
--

ALTER TABLE ONLY public.catalog_book_author
    ADD CONSTRAINT catalog_book_author_author_id_7cb75b74_fk_catalog_author_id FOREIGN KEY (author_id) REFERENCES public.catalog_author(id) DEFERRABLE INITIALLY DEFERRED;


--
-- Name: catalog_book_author catalog_book_author_book_id_c16d17b8_fk_catalog_book_id; Type: FK CONSTRAINT; Schema: public; Owner: -
--

ALTER TABLE ONLY public.catalog_book_author
    ADD CONSTRAINT catalog_book_author_book_id_c16d17b8_fk_catalog_book_id FOREIGN KEY (book_id) REFERENCES public.catalog_book(id) DEFERRABLE INITIALLY DEFERRED;


--
-- Name: catalog_comment catalog_comment_book_id_d8d57b4b_fk_catalog_book_id; Type: FK CONSTRAINT; Schema: public; Owner: -
--

ALTER TABLE ONLY public.catalog_comment
    ADD CONSTRAINT catalog_comment_book_id_d8d57b4b_fk_catalog_book_id FOREIGN KEY (book_id) REFERENCES public.catalog_book(id) DEFERRABLE INITIALLY DEFERRED;


--
-- Name: catalog_comment catalog_comment_user_id_30926d6e_fk_auth_user_id; Type: FK CONSTRAINT; Schema: public; Owner: -
--

ALTER TABLE ONLY public.catalog_comment
    ADD CONSTRAINT catalog_comment_user_id_30926d6e_fk_auth_user_id FOREIGN KEY (user_id) REFERENCES public.auth_user(id) DEFERRABLE INITIALLY DEFERRED;


--
-- Name: django_admin_log django_admin_log_content_type_id_c4bce8eb_fk_django_co; Type: FK CONSTRAINT; Schema: public; Owner: -
--

ALTER TABLE ONLY public.django_admin_log
    ADD CONSTRAINT django_admin_log_content_type_id_c4bce8eb_fk_django_co FOREIGN KEY (content_type_id) REFERENCES public.django_content_type(id) DEFERRABLE INITIALLY DEFERRED;


--
-- Name: django_admin_log django_admin_log_user_id_c564eba6_fk_auth_user_id; Type: FK CONSTRAINT; Schema: public; Owner: -
--

ALTER TABLE ONLY public.django_admin_log
    ADD CONSTRAINT django_admin_log_user_id_c564eba6_fk_auth_user_id FOREIGN KEY (user_id) REFERENCES public.auth_user(id) DEFERRABLE INITIALLY DEFERRED;


--
-- PostgreSQL database dump complete
--

